{
  "artifact": "artifacts/tokenizers/mvp-tokenizer-v0",
  "artifact_files_verified": 6,
  "artifact_manifest_sha256": "eb79ae22f523f1d9c9fcf75b80f2b322e3c2882a8fddb7545b5933dd4053fa7f",
  "chinese_sequence_parity": {
    "simplified_token_length_p95": 329,
    "simplified_tokens_per_character": 0.6599179007786106,
    "traditional_minus_simplified_fertility": 0.04444826417866288,
    "traditional_to_simplified_fertility_ratio": 1.0673542331950991,
    "traditional_to_simplified_p95_ratio": 1.7598784194528876,
    "traditional_token_length_p95": 579,
    "traditional_tokens_per_character": 0.7043661649572734
  },
  "coverage": {
    "eng_Latn": {
      "frequency_weighted_coverage": 0.9999944255221892,
      "roundtrip_exact_rate": 0.998,
      "source_character_loss_rate": 5.574477810791074e-06,
      "token_length_p95": 420,
      "token_length_p99": 539,
      "tokens_per_non_whitespace_character": 0.31517540094431656,
      "unique_character_coverage": 0.9910714285714286
    },
    "jpn_Jpan": {
      "frequency_weighted_coverage": 1.0,
      "roundtrip_exact_rate": 1.0,
      "source_character_loss_rate": 0.0,
      "token_length_p95": 350,
      "token_length_p99": 689,
      "tokens_per_non_whitespace_character": 0.5325041518811905,
      "unique_character_coverage": 1.0
    },
    "kor_Hang": {
      "frequency_weighted_coverage": 0.999976129283799,
      "roundtrip_exact_rate": 0.994,
      "source_character_loss_rate": 2.3870716201055087e-05,
      "token_length_p95": 411,
      "token_length_p99": 778,
      "tokens_per_non_whitespace_character": 0.6350963183398712,
      "unique_character_coverage": 0.9978768577494692
    },
    "zho_Hans": {
      "frequency_weighted_coverage": 0.9999273458217793,
      "roundtrip_exact_rate": 0.996,
      "source_character_loss_rate": 7.265417822069917e-05,
      "token_length_p95": 329,
      "token_length_p99": 727,
      "tokens_per_non_whitespace_character": 0.6599179007786106,
      "unique_character_coverage": 0.9985974754558204
    },
    "zho_Hant": {
      "frequency_weighted_coverage": 0.999562289227341,
      "roundtrip_exact_rate": 0.956,
      "source_character_loss_rate": 0.0004377107726589935,
      "token_length_p95": 579,
      "token_length_p99": 951,
      "tokens_per_non_whitespace_character": 0.7043661649572734,
      "unique_character_coverage": 0.9891246684350132
    }
  },
  "coverage_report_sha256": "bd01715c38fbdb12fc14447172faac33b91e2ee9b9ab829c573a305b0ae789ae",
  "evaluation_manifest_sha256": "4175b4063bc8e4a8969eca48a0d60a5da0e0d09ff55b1bce985e9898717244e6",
  "fallback_comparison_sha256": "f81f579c55e6b1175e6acb470e7335e3bbf7679d0899a9914f9d70cfbdbe082b",
  "frozen_at_utc": "2026-07-14T12:02:57.161116+00:00",
  "holdout_manifest_sha256": "c5bec116578ea88d37f325c3e18c66a889ef34aa263bb876e821456c500f9ffe",
  "language_token_ids": {
    "eng_Latn": 5,
    "jpn_Jpan": 8,
    "kor_Hang": 9,
    "zho_Hans": 6,
    "zho_Hant": 7
  },
  "language_tokens_verified": true,
  "micro_m2m100": {
    "config": {
      "attention_heads": 4,
      "d_model": 32,
      "decoder_layers": 1,
      "encoder_layers": 1,
      "ffn_dim": 64
    },
    "dimensions": {
      "config_vocab_size": 49152,
      "decoder_embedding_rows": 49152,
      "encoder_embedding_rows": 49152,
      "lm_head_rows": 49152,
      "shared_embedding_rows": 49152
    },
    "forwards": [
      {
        "forced_bos_token_id": 6,
        "input_tokens": 23,
        "label_tokens": 15,
        "logits_shape": [
          1,
          15,
          49152
        ],
        "loss": 10.834053993225098,
        "source_language": "eng_Latn",
        "target_language": "zho_Hans"
      },
      {
        "forced_bos_token_id": 7,
        "input_tokens": 15,
        "label_tokens": 15,
        "logits_shape": [
          1,
          15,
          49152
        ],
        "loss": 10.847719192504883,
        "source_language": "zho_Hans",
        "target_language": "zho_Hant"
      },
      {
        "forced_bos_token_id": 8,
        "input_tokens": 15,
        "label_tokens": 15,
        "logits_shape": [
          1,
          15,
          49152
        ],
        "loss": 10.809359550476074,
        "source_language": "zho_Hant",
        "target_language": "jpn_Jpan"
      },
      {
        "forced_bos_token_id": 9,
        "input_tokens": 15,
        "label_tokens": 17,
        "logits_shape": [
          1,
          17,
          49152
        ],
        "loss": 10.796327590942383,
        "source_language": "jpn_Jpan",
        "target_language": "kor_Hang"
      },
      {
        "forced_bos_token_id": 5,
        "input_tokens": 17,
        "label_tokens": 23,
        "logits_shape": [
          1,
          23,
          49152
        ],
        "loss": 10.781527519226074,
        "source_language": "kor_Hang",
        "target_language": "eng_Latn"
      }
    ],
    "model": "M2M100ForConditionalGeneration"
  },
  "save_reload_verified": true,
  "schema_version": 1,
  "status": "frozen",
  "tokenizer_sha256": "22bceccab939afe1003d1fbdd95d9d4e78eb954b2e9003d70131155666b1201c",
  "training_checkpoint_config_fingerprint": "12ae3c2c7bcaa93ca92b80b128d5359b1b6b78f054b3a89e321b1a5e99fda0b3",
  "training_corpus_manifest_sha256": "b3d8d6f4f559813929c75086e6060b74a922a87cdb06646973d1168b5618c977",
  "training_input_order_sha256": "5723b069000044987584636fb81e8ae2dd9a3748c0068825bdc6d88109979d9f",
  "vocab_size": 49152
}
